city,district,facility_name,x_coordinate,y_coordinate,longitude,latitude
臺北市,中正區,捷運西門站-出口2,301298.2490000011,2770466.644,121.50837182150659,25.04146499413808
臺北市,中正區,捷運西門站-出口5,301336.9949999996,2770616.832,121.50876138126758,25.042819573262058
臺北市,中正區,捷運西門站-出口3,301337.3320000009,2770509.858,121.50876073629259,25.04185380336117
臺北市,中正區,捷運西門站-出口4,301348.8659999997,2770554.967,121.50887671701616,25.04226065481182
臺北市,中正區,捷運小南門站-出口1,301445.82400000066,2769907.0249999994,121.5098133766966,25.03640775607051
臺北市,中正區,捷運小南門站-出口2,301459.0600000005,2769829.6800000006,121.50994165072278,25.03570903694699
臺北市,中正區,捷運萬大線-植物園站(興建中),301512.9319999995,2769299.654000001,121.51045568645824,25.03092213877321
臺北市,中正區,捷運小南門站-出口3,301570.334000001,2769787.2990000006,121.51104271814518,25.035322634339153
臺北市,中正區,捷運小南門站-出口4,301604.73800000094,2769779.892,121.51138336097154,25.035254591332315
臺北市,中正區,捷運臺大醫院站-出口1,302047.8360000011,2770425.188,121.51579851760847,25.0410651293082
臺北市,中正區,捷運中正紀念堂站-出口7,302063.2859999989,2769708.0480000004,121.5159245399887,25.034590279982176
臺北市,中正區,捷運臺北車站-出口M5,302089.8799999995,2771055.709,121.51623899613055,25.046756001532035
臺北市,中正區,捷運臺大醫院站-出口4,302100.933999999,2770641.0780000007,121.51633286753848,25.043012348758925
臺北市,中正區,捷運中正紀念堂站-出口6,302122.7050000011,2769842.766,121.51651843044472,25.035804464979016
臺北市,中正區,捷運臺大醫院站-出口2,302129.0649999996,2770443.453,121.51660416895349,25.041227228512085
臺北市,中正區,捷運臺大醫院站-出口3,302138.63700000104,2770630.2949999995,121.51670609347599,25.042913701309057
臺北市,中正區,捷運臺北車站-出口M6,302144.7709999996,2770980.128,121.51678011811467,25.046071768151677
臺北市,中正區,捷運中正紀念堂站-出口5,302185.23900000093,2769769.786,121.5171353391185,25.035143448590443
臺北市,中正區,捷運臺北車站-出口M4,302197.8770000006,2771027.539,121.51730820352897,25.046497960950717
臺北市,中正區,捷運臺北車站-出口M8,302223.3849999998,2770960.68,121.51755845908387,25.045893480331603
臺北市,中正區,捷運中正紀念堂站-出口1,302235.73200000083,2769568.926,121.51762807957579,25.03332834834665
臺北市,中正區,捷運臺北車站-出口M3,302247.7380000001,2771011.5789999994,121.51780173098396,25.04635215330206
臺北市,中正區,捷運中正紀念堂站-出口4,302271.2117999997,2769592.906,121.5179805630584,25.033543614161047
臺北市,中正區,捷運中正紀念堂站-出口2,302290.4519999994,2769487.031,121.51816720239543,25.032587113036058
臺北市,中正區,捷運臺北車站-出口M1,302298.1060000013,2771219.286,121.51830877108871,25.04822558195366
臺北市,中正區,捷運臺北車站-出口M7,302326.3939999993,2770988.1910000006,121.51858033874498,25.04613828853499
臺北市,中正區,捷運中正紀念堂站-出口3,302361.77800000017,2769451.2329999995,121.51887261836919,25.032261463839333
臺北市,中正區,捷運臺北車站-出口M2,302363.2680000009,2771205.4569999995,121.51895402308598,25.04809847983423
臺北市,中正區,捷運古亭站-出口7,302654.6819999996,2768943.921,121.52175565131006,25.027671304843498
臺北市,中正區,捷運古亭站-出口8,302663.5890000001,2768880.4229999995,121.52184148359304,25.027097736772276
臺北市,中正區,捷運古亭站-出口9,302717.8390000001,2768851.558,121.52237792396392,25.026835256207757
臺北市,中正區,捷運善導寺站-出口2,302773.2820000009,2770834.186,121.52300317607236,25.044732413793596
臺北市,中正區,捷運古亭站-出口1,302774.36199999927,2768770.1150000007,121.5229348727155,25.026098021738935
臺北市,中正區,捷運善導寺站-出口1,302783.7110000004,2770867.064,121.52310778733494,25.045028870873512
臺北市,中正區,捷運古亭站-出口2,302810.89399999904,2768717.634,121.52329484287714,25.025622950819965
臺北市,中正區,捷運善導寺站-出口3,302836.1800000004,2770806.974,121.52362545517649,25.044484549623217
臺北市,中正區,捷運善導寺站-出口4,302899.3640000009,2770773.025,121.5242503073964,25.04417585158253
臺北市,中正區,捷運善導寺站-出口5,302949.6479999999,2770788.0240000007,121.5247491983846,25.04430950256765
臺北市,中正區,捷運善導寺站-出口6,302955.46800000087,2770822.4999999995,121.52480819947881,25.044620546386714
臺北市,中正區,捷運臺電大樓站-出口4,303228.72400000057,2768214.342,121.52741549904101,25.02106461363872
臺北市,中正區,捷運東門站-出口2,303240.9090000002,2769667.0860000006,121.52759230443307,25.034179506867748
臺北市,中正區,捷運臺電大樓站-出口5,303269.50200000097,2768170.3490000004,121.52781783493884,25.020666012152706
臺北市,中正區,捷運東門站-出口1,303279.635000001,2769662.122,121.5279758561688,25.034133329263238
臺北市,中正區,捷運臺電大樓站-出口1,303362.67100000026,2768062.583000001,121.52873679617456,25.019689823525816
臺北市,中正區,捷運東門站-出口8,303377.34,2769658.859,121.52894390743258,25.034100428254817
臺北市,中正區,捷運東門站-出口7,303442.9229999988,2769638.657,121.52959299869322,25.033915731071847
臺北市,中正區,捷運東門站-出口6,303463.77800000063,2769635.508,121.52979953238493,25.033886565472688
臺北市,中正區,捷運忠孝新生站出口1,303671.4859999991,2770619.0309999995,121.53189603792606,25.042758405772336
臺北市,中正區,捷運忠孝新生站出口2,303691.79399999947,2770548.049,121.53209452251227,25.042116863923678
臺北市,中正區,捷運忠孝新生站出口5,303709.1400000006,2770433.618,121.53226195925792,25.041083171922956
臺北市,中正區,捷運公館站-出口4,303864.6529999996,2767559.0,121.53369079255523,25.015125721176343
臺北市,中正區,捷運公館站-出口1,303931.8400000005,2767480.907,121.53435340695407,25.014418309214825
臺北市,大同區,民生汐止線-大稻埕站(規劃中),301366.3699999996,2772164.62,121.50911019361891,25.05679195087192
臺北市,大同區,捷運北門站-出口1,301459.16200000106,2771299.757,121.50999754956922,25.04898084754752
臺北市,大同區,捷運北門站-出口3,301467.48500000034,2771396.355,121.51008364256352,25.04985264753852
臺北市,大同區,捷運北門站-出口2,301517.5120000003,2771346.7880000006,121.51057758082825,25.0494034552205
臺北市,大同區,捷運大橋頭站-出口1,301688.483999999,2772871.404000001,121.51232921031216,25.063161781432754
臺北市,大同區,捷運大橋頭站-出口2,301784.2370000005,2772874.4600000004,121.51327838591864,25.06318609323124
臺北市,大同區,捷運大橋頭站-出口3,301799.3510000012,2772939.108,121.51343062156803,25.063769213689962
臺北市,大同區,捷運民權西路站出口5,302334.26299999893,2772878.701,121.51873015536955,25.063205435988003
臺北市,大同區,捷運民權西路站出口6,302357.5980000002,2772816.168,121.5189590630858,25.062640084013225
臺北市,大同區,捷運中山站-出口6,302379.6570000005,2771724.252,121.51913616868484,25.052781567250594
臺北市,大同區,捷運中山站-出口5,302390.9019999997,2771756.013,121.51924882257795,25.05306791428673
臺北市,大同區,捷運民權西路站出口2,302423.9599999997,2772730.7580000004,121.5196135577213,25.061866707932246
臺北市,大同區,捷運雙連站-出口1,302523.7310000003,2772238.92,121.52058367048964,25.05742296238813
臺北市,大同區,捷運雙連站-出口2,302526.78200000006,2772290.068,121.52061586010853,25.057884617376477
臺北市,中山區,捷運民權西路站出口1,302409.18600000103,2772807.8070000005,121.51947005917039,25.0625628135771
臺北市,中山區,捷運民權西路站出口4,302449.2929999994,2772738.466,121.51986493774501,25.061935416424266
臺北市,中山區,捷運民權西路站出口3,302458.5179999987,2772681.371,121.51995419538444,25.061419646382372
臺北市,中山區,捷運圓山站-出口1,302467.5340000005,2773726.657,121.52008339975893,25.070856101013423
臺北市,中山區,捷運民權西路站出口10,302469.7660000009,2772852.85,121.5200722139662,25.0629673570012
臺北市,中山區,捷運圓山站-出口2,302471.2770000001,2773818.2129999995,121.5201239920175,25.071682531499015
臺北市,中山區,捷運民權西路站出口7,302474.7450000008,2772823.884,121.52012045938541,25.062705681050467
臺北市,中山區,捷運中山站-出口1,302497.37799999974,2771681.052,121.52030122031358,25.05238747771567
臺北市,中山區,捷運中山站-出口4,302499.06900000025,2771739.367,121.5203202017845,25.05291388361067
臺北市,中山區,捷運民權西路站出口8,302515.5590000013,2772822.3830000004,121.52052493016002,25.062690712615154
臺北市,中山區,捷運民權西路站出口9,302518.058,2772852.0040000007,121.52055082895036,25.06295804216355
臺北市,中山區,捷運中山站-出口3,302580.1160000001,2771706.574,121.52112218362042,25.052615014286925
臺北市,中山區,捷運中山站-出口2,302583.61200000084,2771680.038,121.52115581841785,25.05237532720629
臺北市,中山區,捷運中山國小站-出口2,303065.07199999946,2772801.28,121.52597061220048,25.062481003931207
臺北市,中山區,捷運中山國小站-出口1,303065.4520000001,2772843.26,121.52597599664796,25.062859982858527
臺北市,中山區,捷運中山國小站-出口4,303145.99100000004,2772841.0500000003,121.52677417399141,25.06283720140034
臺北市,中山區,捷運中山國小站-出口3,303183.17899999954,2772797.7,121.52714108832137,25.062444532895473
臺北市,中山區,捷運松江南京站-出口1,303700.1659999999,2771619.387,121.53221924021896,25.051788536024322
臺北市,中山區,捷運松江南京站-出口8,303748.5009999988,2771728.548,121.53270252858833,25.052772316413574
臺北市,中山區,捷運松江南京站-出口2,303753.2190000001,2771568.215,121.53274303074556,25.051324674016286
臺北市,中山區,捷運松江南京站-出口3,303753.256,2771542.801,121.53274240578624,25.051095236926752
臺北市,中山區,捷運行天宮站-出口4,303756.5600000013,2772581.651,121.53281569842711,25.060473777128536
臺北市,中山區,捷運行天宮站-出口1,303774.69300000044,2772327.046,121.53298547713847,25.058174579049627
臺北市,中山區,捷運松江南京站-出口4,303795.2779999989,2771593.029,121.53316082825548,25.051547197443064
臺北市,中山區,捷運松江南京站-出口7,303798.09600000025,2771707.647,121.53319323259238,25.052581860107264
臺北市,中山區,捷運行天宮站-出口2,303814.910999999,2772390.061,121.53338654503942,25.058742042252643
臺北市,中山區,捷運行天宮站-出口3,303820.6830000001,2772516.7740000007,121.53344870493879,25.05988579129394
臺北市,中山區,捷運松江南京站-出口5,303840.0810000008,2771629.759,121.53360628767446,25.051877198742456
臺北市,中山區,捷運松江南京站-出口6,303853.4769999997,2771664.263,121.5337403991092,25.052188221301165
臺北市,中山區,捷運南京復興站-出口2,304665.9949999997,2771605.3399999994,121.54179062338567,25.051627115373226
臺北市,中山區,民生汐止線-北大臺北校區站(規劃中),304702.3480000001,2772314.2000000007,121.54217905595279,25.05802532516311
臺北市,中山區,捷運南京復興站-出口1,304719.8649999997,2771724.521,121.54232924038217,25.052701122778835
臺北市,中山區,捷運南京復興站-出口3,304782.8630000003,2771617.652,121.54294934209436,25.051734037862257
臺北市,中山區,捷運南京復興站-出口4,304815.88099999924,2771617.7839999995,121.54327657496076,25.051734033062324
臺北市,中山區,捷運南京復興站-出口8,304856.35699999984,2771647.5530000003,121.54367890113404,25.052001317231543
臺北市,中山區,捷運中山國中站-出口,304883.0418,2772616.4300000006,121.54398197425228,25.06074727900588
臺北市,中山區,捷運大直站-出口2,305165.8659999994,2774707.722,121.546868962032,25.07961692637937
臺北市,中山區,捷運大直站-出口1,305183.69999999943,2774782.421,121.54704874417382,25.080290647898618
臺北市,中山區,捷運大直站-出口3,305190.37999999966,2774689.919,121.54711125056954,25.079455307571337
臺北市,中山區,捷運劍南路站-出口1,306004.53900000016,2775326.017,121.55520774775634,25.08516793911775
臺北市,中山區,捷運劍南路站-出口2,306009.9910000001,2775257.481,121.55525900325355,25.084549003908204
臺北市,中山區,捷運劍南路站-出口3,306084.0269999988,2775234.524,121.55599200082254,25.08433900345671
臺北市,中山區,捷運北環段-劍南路站(規劃中),306119.7660000012,2775259.7920000004,121.55634731931968,25.08456579140796
臺北市,中山區,捷運東環段-下塔悠站(規劃中),306365.14899999974,2774761.8910000003,121.55875944418337,25.080061675397026
臺北市,松山區,捷運南京復興站-出口7,304926.073,2771674.749,121.54437091308407,25.052244309687325
臺北市,松山區,捷運南京復興站-出口5,304938.766999999,2771613.972,121.54449429460422,25.051695159272928
臺北市,松山區,捷運南京復興站-出口6,304963.54000000074,2771645.293,121.54474105902474,25.051977022245485
臺北市,松山區,捷運臺北小巨蛋站-出口2,305579.5559999995,2771587.777,121.55084382259317,25.051435258154385
臺北市,松山區,捷運松山機場站-出口2,305611.27199999994,2772925.9799999995,121.55121218486038,25.063515246006553
臺北市,松山區,捷運臺北小巨蛋站-出口1,305637.53800000047,2771637.504,121.5514204642244,25.051882056427953
臺北市,松山區,捷運松山機場站-出口3,305662.9190000012,2772869.6740000006,121.55172180836703,25.063005020717746
臺北市,松山區,捷運松山機場站-出口1,305684.06299999874,2772927.084,121.55193369867436,25.063522532778876
臺北市,松山區,捷運臺北小巨蛋站-出口5,305711.09299999906,2771637.113,121.55214942112096,25.051875818509277
臺北市,松山區,捷運臺北小巨蛋站-出口3,305746.29599999933,2771582.81,121.5524961057167,25.05138427924114
臺北市,松山區,民生汐止線-東社站(規劃中),305767.8579999998,2772335.855,121.5527402874914,25.058181894819857
臺北市,松山區,捷運臺北小巨蛋站-出口4,305799.2169999995,2771596.561,121.55302113830696,25.0515064701164
臺北市,松山區,捷運南京三民站-出口2,306817.931999999,2771577.23,121.56311635448786,25.05129402040928
臺北市,松山區,捷運南京三民站-出口1,306826.9649999995,2771617.91,121.56320755426962,25.051660935241674
臺北市,松山區,捷運南京三民站-出口3,306948.52400000056,2771575.6210000003,121.56441052159995,25.051274582395877
臺北市,松山區,捷運南京三民站-出口4,306984.3890000005,2771616.1440000003,121.56476763828843,25.05163906814519
臺北市,松山區,民生汐止線-民生社區站(規劃中),306994.51100000006,2772455.454,121.56490268501611,25.05921587214188
臺北市,松山區,捷運松山站-出口2,308140.45799999905,2771454.793,121.5762180816386,25.050138408730103
臺北市,松山區,捷運松山站-出口1,308223.4650000012,2771455.82,121.57704075738624,25.050144486961504
臺北市,松山區,捷運松山站-出口3,308270.36500000063,2771415.5929999994,121.57750385355517,25.049779516866767
臺北市,松山區,捷運松山站-出口5,308314.94899999886,2771494.351,121.57794903105179,25.050488814661605
臺北市,松山區,捷運松山站-出口4,308321.522999999,2771414.197,121.57801078898676,25.04976494203769
臺北市,大安區,捷運古亭站-出口6,302710.519,2768924.753,121.5223081899492,25.02749631356053
臺北市,大安區,捷運古亭站-出口5,302753.95099999965,2768893.155,121.52273733474506,25.02720953486927
臺北市,大安區,捷運古亭站-出口4,302783.2030000005,2768818.8319999995,121.52302433839124,25.026537529290966
臺北市,大安區,捷運古亭站-出口3,302827.03099999955,2768755.2,121.5234561752104,25.025961532687027
臺北市,大安區,捷運東門站-出口3,303270.3229999988,2769621.485,121.52788201181417,25.03376678798614
臺北市,大安區,捷運臺電大樓站-出口3,303275.9169999996,2768234.007,121.52788385335421,25.021240489148294
臺北市,大安區,捷運東門站-出口4,303370.99499999906,2769618.409,121.52887946795366,25.03373547123629
臺北市,大安區,捷運臺電大樓站-出口2,303390.5799999998,2768125.151,121.52901574028972,25.02025370200985
臺北市,大安區,捷運東門站-出口5,303426.2460000012,2769610.011,121.52942663349316,25.033657705090945
臺北市,大安區,捷運忠孝新生站出口6,303785.5829999999,2770404.04,121.53301833558592,25.040813427894612
臺北市,大安區,捷運忠孝新生站出口7,303787.15300000034,2770495.766,121.53303747332453,25.041641468922037
臺北市,大安區,捷運忠孝新生站出口4,303812.0810000004,2770584.831,121.53328798190488,25.042444655853586
臺北市,大安區,捷運忠孝新生站出口3,303853.72700000106,2770514.68,121.53369794651753,25.041809855066056
臺北市,大安區,捷運公館站-出口3,303904.6090000003,2767587.157,121.5340877625533,25.01537850036291
臺北市,大安區,捷運大安森林公園站-出口1,303933.0580000008,2769633.249,121.53444961721135,25.033849520999865
臺北市,大安區,捷運大安森林公園站-出口2,303952.5810000005,2769573.8570000003,121.53464074986366,25.03331263732626
臺北市,大安區,捷運公館站-出口2,303976.9209999997,2767510.981,121.53480122748343,25.01468821067632
臺北市,大安區,捷運大安森林公園站-出口3,303996.9969999989,2769567.572,121.53508062702593,25.033254312704095
臺北市,大安區,捷運大安森林公園站-出口4,304047.34700000053,2769566.694,121.5355795163069,25.033244588999437
臺北市,大安區,捷運大安森林公園站-出口6,304093.0340000003,2769638.468,121.53603504939989,25.033890928550047
臺北市,大安區,捷運大安森林公園站-出口5,304109.26700000005,2769566.928,121.53619309748261,25.033244489101317
臺北市,大安區,捷運大安站-出口2,304671.02099999884,2769615.178,121.54176148856314,25.033659899523894
臺北市,大安區,捷運大安站-出口1,304693.0760000013,2769610.5139999995,121.54197984947469,25.033616996379553
臺北市,大安區,捷運大安站-出口3,304740.1759999998,2769570.794,121.54244499258371,25.033256703972643
臺北市,大安區,捷運忠孝復興站-出口1,304812.74399999937,2770516.223,121.5432016660115,25.041789344050944
臺北市,大安區,捷運忠孝復興站-出口2,304838.4900000011,2770455.493,121.54345438702035,25.041240145213457
臺北市,大安區,捷運科技大樓站-出口,304852.9970000001,2768779.7689999994,121.54353148607757,25.02611129416337
臺北市,大安區,捷運大安站-出口6,304875.7689999996,2769667.736,121.5437924548621,25.034126979701057
臺北市,大安區,捷運大安站-出口5,304883.3710000005,2769527.248,121.54386219259065,25.032858387725167
臺北市,大安區,捷運忠孝復興站-出口5,304886.75000000023,2770530.4680000003,121.54393561663666,25.041915263781373
臺北市,大安區,捷運大安站-出口4,304889.7509999994,2769556.347,121.54392657073366,25.0331208602122
臺北市,大安區,捷運忠孝復興站-出口4,304989.1289999995,2770513.652,121.54494950022048,25.041759732582406
臺北市,大安區,捷運忠孝復興站-出口3,304997.5880000009,2770478.743,121.5450319340729,25.04144426938064
臺北市,大安區,捷運忠孝敦化站-出口6,305415.9449999996,2770454.307,121.54917676416215,25.041208397510893
臺北市,大安區,捷運忠孝敦化站-出口8,305416.9620000013,2770521.1690000007,121.54918953064636,25.041811984759068
臺北市,大安區,捷運忠孝敦化站-出口5,305482.19599999895,2770469.381,121.54983390018738,25.0413420562387
臺北市,大安區,捷運忠孝敦化站-出口7,305495.044999999,2770504.6950000003,121.54996265224007,25.041660396764676
臺北市,大安區,捷運忠孝敦化站-出口4,305558.21699999995,2770468.3440000005,121.55058720638006,25.041329904573097
臺北市,大安區,捷運忠孝敦化站-出口1,305558.5419999992,2770502.652,121.550591809973,25.041639622297843
臺北市,大安區,捷運忠孝敦化站-出口3,305658.59000000014,2770466.452,121.5515817995988,25.04130913455743
臺北市,大安區,捷運忠孝敦化站-出口2,305663.83799999964,2770500.6580000003,121.55163518729378,25.04161775024313
臺北市,大安區,捷運信義安和站-出口2,305725.8760000011,2769554.452,121.55221172142416,25.03307319806422
臺北市,大安區,捷運信義安和站-出口1,305761.1230000004,2769606.55,121.55256309308955,25.033542236504136
臺北市,大安區,捷運六張犁站-出口,305786.70400000014,2768532.8519999995,121.55277314998786,25.023848027972203
臺北市,大安區,捷運信義安和站-出口3,305820.08199999924,2769552.413,121.55314513243941,25.033051318650458
臺北市,大安區,捷運信義安和站-出口5,305856.3160000011,2769597.507,121.55350600411016,25.033457086855666
臺北市,大安區,捷運信義安和站-出口4,305856.63900000055,2769551.611,121.55350734561011,25.03304272955816
臺北市,大安區,捷運國父紀念館站-出口1,306172.86899999913,2770511.406,121.55667999542264,25.041695968225774
臺北市,大安區,捷運國父紀念館站-出口2,306174.78799999965,2770439.814,121.55669609442971,25.041049571244013
臺北市,大安區,捷運麟光站-出口,306395.9729999999,2767940.4229999995,121.5587857683585,25.018477052754314
臺北市,萬華區,捷運萬大線-加蚋站(興建中),300381.23000000085,2768350.771,121.4992070253735,25.02239370845195
臺北市,萬華區,捷運龍山寺站-出口1,300416.8529999992,2769800.979,121.49961300000842,25.035485004707603
臺北市,萬華區,捷運龍山寺站-出口2,300457.89399999875,2769754.94,121.50001800457,25.03506799703564
臺北市,萬華區,捷運龍山寺站-出口3,300620.526,2769793.867,121.50163100463668,25.035413998583735
臺北市,萬華區,捷運萬大線-廈安站(興建中),300640.81900000025,2769156.939,121.50180870435584,25.029663136634994
臺北市,萬華區,捷運西門站-出口1,301222.2529999992,2770539.678,121.50762142957124,25.042126918185303
臺北市,萬華區,捷運西門站-出口6,301235.8760000011,2770588.189,121.50775823507664,25.042564412989805
臺北市,信義區,捷運國父紀念館站-出口3,306310.346999999,2770450.600000001,121.55803988406859,25.041141906982983
臺北市,信義區,捷運國父紀念館站-出口5,306310.5129999997,2770488.3820000007,121.55804307264118,25.04148299301266
臺北市,信義區,捷運國父紀念館站-出口4,306365.29500000016,2770449.75,121.55858436781782,25.041132187182328
臺北市,信義區,捷運臺北世貿101站-出口1,306695.900999999,2769563.77,121.56182413879435,25.03312129411981
臺北市,信義區,捷運臺北世貿101站-出口2,306720.3969999989,2769531.3,121.56206553540915,25.03282724018971
臺北市,信義區,捷運臺北世貿101站-出口5,306842.33499999973,2769584.021,121.56327599599851,25.033298625738794
臺北市,信義區,捷運臺北世貿101站-出口3,306869.2850000011,2769528.419,121.56354075224144,25.032795643829463
臺北市,信義區,捷運臺北世貿101站-出口4,306942.967999999,2769576.902,121.56427288107544,25.033230573300024
臺北市,信義區,捷運市政府站-出口2,307014.5930000006,2770425.582,121.56501771527468,25.04088967226684
臺北市,信義區,捷運市政府站-出口1,307058.83699999884,2770477.449,121.56545830600791,25.04135625397512
臺北市,信義區,捷運市政府站-出口3,307224.08099999884,2770427.266,121.56709374255512,25.040896966469255
臺北市,信義區,捷運市政府站-出口4,307225.43900000094,2770467.277,121.56710886105122,25.041258129956343
臺北市,信義區,捷運象山站-出口1,307458.32100000023,2769553.01,121.56937854668044,25.0329954018878
臺北市,信義區,捷運東環段-三張犁站(規劃中),307506.2249999988,2768539.087,121.56981095539236,25.023839987407364
臺北市,信義區,捷運象山站-出口2,307506.54099999915,2769490.73,121.56985376294212,25.032431313265697
臺北市,信義區,捷運象山站-出口3,307579.0999999989,2769551.335,121.57057527961248,25.032975690182578
臺北市,信義區,捷運永春站-出口1,308035.254999999,2770446.367000001,121.57513300772082,25.041038510236078
臺北市,信義區,捷運永春站-出口2,308055.0300000001,2770408.084,121.57532735897053,25.04069213739716
臺北市,信義區,捷運永春站-出口3,308150.5509999988,2770412.452,121.57627412191472,25.040727902912536
臺北市,信義區,捷運永春站-出口4,308181.67900000035,2770412.3160000006,121.57658258348845,25.04072547842537
臺北市,信義區,捷運永春站-出口5,308201.8039999998,2770442.0109999995,121.57678326889268,25.040992787097075
臺北市,信義區,捷運後山埤站-出口1,308675.8549999987,2770820.363,121.58149705956346,25.04439018718137
臺北市,信義區,捷運後山埤站-出口2,308721.8200000003,2770759.703,121.58194998459285,25.043840773538193
臺北市,信義區,捷運信義線東延-廣慈/奉天宮站(規劃中),308790.8760000008,2770095.6390000004,121.58260599716137,25.03784301177258
臺北市,士林區,捷運北環段-社子公園站(規劃中),302076.5289999993,2775962.818,121.51629236286067,25.091057502392196
臺北市,士林區,捷運北環段-福德洋站(規劃中),302448.72299999953,2776227.714,121.519992322578,25.093436070305977
臺北市,士林區,捷運芝山站-出口2,302685.6080000012,2777373.86,121.52238473998385,25.103775095705743
臺北市,士林區,捷運芝山站-出口1,302714.6009999993,2777195.5950000007,121.5226653595498,25.102164727871838
臺北市,士林區,捷運劍潭站-出口2,302931.6669999992,2775105.17,121.52473699803315,25.083285002105047
臺北市,士林區,捷運劍潭站-出口1,302979.2640000003,2775317.1430000006,121.52521700076946,25.08519700386961
臺北市,士林區,捷運北環段-士林站(規劃中),303019.19699999987,2776417.535,121.52565530797213,25.095129821805553
臺北市,士林區,捷運士林站-出口1,303057.87200000026,2776297.241,121.52603409202881,25.094042462225566
臺北市,士林區,捷運士林站-出口2,303096.1739999992,2776171.1629999992,121.52640894823296,25.092902897451065
臺北市,士林區,捷運北環段-林子口站(規劃中),303674.7219999992,2776572.926,121.53216031601178,25.09650950194768
臺北市,士林區,捷運北環段-故宮博物院站(規劃中),305218.23299999896,2776821.222,121.5474729548616,25.098695395734303
臺北市,北投區,捷運關渡站-出口2,297074.6169999994,2779756.032,121.46683425083967,25.125466720220018
臺北市,北投區,捷運關渡站-出口1,297107.35800000123,2779752.1099999994,121.46715879687824,25.125430289713687
臺北市,北投區,捷運忠義站-出口1,297729.459999999,2780384.078,121.4733499393551,25.131116072300582
臺北市,北投區,捷運忠義站-出口2,297755.2040000007,2780369.9119999995,121.47360475164041,25.1309873671905
臺北市,北投區,捷運復興崗站-出口2,298924.74700000125,2781080.534,121.48522853645773,25.13736526750886
臺北市,北投區,捷運復興崗站-出口1,298942.2109999992,2781112.6040000003,121.48540288161026,25.137654224638617
臺北市,北投區,捷運北投站-出口,300245.20299999975,2780517.564,121.4983036156613,25.132239379275195
臺北市,北投區,捷運奇岩站-出口,300518.1380000012,2779838.948,121.50098535972931,25.126103789825812
臺北市,北投區,捷運新北投站-出口,300743.72799999977,2781040.5610000007,121.50326690675526,25.136944220914412
臺北市,北投區,捷運唭哩岸站-出口2,301020.7339999989,2779258.4990000003,121.50594784047274,25.120846636151988
臺北市,北投區,捷運唭哩岸站-出口1,301116.5380000008,2779244.871,121.50689734530798,25.120720358711072
臺北市,北投區,捷運石牌站-出口1,301963.0949999992,2778606.0650000004,121.51526778299053,25.114924356863206
臺北市,北投區,捷運石牌站-出口2,302056.6859999988,2778459.049,121.51619023047304,25.113593886599368
臺北市,北投區,捷運明德站-出口,302349.95400000043,2777989.7,121.51908026670912,25.1093465102695
臺北市,內湖區,捷運西湖站-出口1,307171.5169999991,2775029.678,121.56676396262858,25.082448904339106
臺北市,內湖區,捷運西湖站-出口2,307203.0030000012,2774974.833,121.56707380262839,25.08195258018689
臺北市,內湖區,捷運東環段-洲子站(規劃中),307319.96899999894,2774712.404,121.56822234674067,25.079578978506753
臺北市,內湖區,捷運東環段-內湖科技園區站(規劃中),307793.14899999875,2774441.623,121.57290149768723,25.07711638035778
臺北市,內湖區,捷運東環段-粉寮站(規劃中),307945.53500000096,2773386.444,121.57436760086345,25.067584556019444
臺北市,內湖區,捷運港墘站-出口2,307991.20999999903,2774763.083,121.57487834371112,25.080010875862143
臺北市,內湖區,捷運港墘站-出口1,308074.49700000003,2774775.278,121.57570446624092,25.080117769948565
臺北市,內湖區,捷運東環段-瑞光公園站(規劃中),308280.9619999996,2773737.151,121.57770713799809,25.07073778265339
臺北市,內湖區,捷運東環段-舊里族站(規劃中),308473.89599999983,2772571.923,121.57957001202799,25.060210837387416
臺北市,內湖區,捷運文德站-出口2,308970.9269999991,2774581.324,121.58458228423451,25.07833205336673
臺北市,內湖區,捷運文德站-出口1,309085.0379999992,2774636.715,121.58571580590917,25.07882765346153
臺北市,內湖區,民生汐止線-灣仔站(規劃中),309818.40299999894,2773562.703,121.59293872701191,25.069102813563344
臺北市,內湖區,捷運內湖站-出口1,309940.1269999987,2775201.615,121.59421664904518,25.08389376314378
臺北市,內湖區,捷運內湖站-出口2,309978.99100000074,2775162.499,121.59460020502982,25.08353908882513
臺北市,內湖區,捷運大湖公園站-出口2,310781.21200000006,2775150.4630000005,121.60255212567512,25.08339835362214
臺北市,內湖區,捷運大湖公園站-出口1,310791.53300000104,2775205.04,121.60265685062771,25.083890647278416
臺北市,內湖區,民生汐止線-葫蘆洲站(規劃中),311016.9369999999,2773003.243,121.60479365355019,25.06400420056504
臺北市,內湖區,捷運葫洲站-出口2,311257.78800000047,2773946.3970000003,121.60722281612357,25.072509054711098
臺北市,內湖區,捷運葫洲站-出口1,311335.1070000004,2773962.353,121.6079899241967,25.072649965076618
臺北市,內湖區,捷運東湖站-出口1,311639.55600000056,2773359.5210000006,121.6109806676637,25.067195338608585
臺北市,內湖區,捷運東湖站-出口2,311658.9020000012,2773359.195,121.61117240494835,25.067191606325455
臺北市,內湖區,捷運東湖站-出口3,311729.8600000007,2773346.3290000004,121.61187514277034,25.067072557986666
臺北市,南港區,捷運後山埤站-出口4,308771.6410000006,2770952.781,121.58245193911634,25.045581919926935
臺北市,南港區,捷運後山埤站-出口3,308845.4179999993,2770915.953,121.58318149801006,25.045246573715893
臺北市,南港區,捷運昆陽站-出口1,309809.9469999992,2771484.397,121.5927646387537,25.050340565954638
臺北市,南港區,捷運昆陽站-出口2,309821.06499999994,2771492.4139999994,121.59287517052981,25.050412502380173
臺北市,南港區,捷運昆陽站-出口3,309899.7219999995,2771515.368,121.59365569009222,25.05061661393309
臺北市,南港區,捷運昆陽站-出口4,309913.00100000086,2771511.3890000004,121.59378711732145,25.050580166169556
臺北市,南港區,捷運南港站-出口1,311209.45499999984,2771657.114,121.60664195525628,25.05184382742536
臺北市,南港區,捷運南港站-出口2,311325.4460000001,2771670.287,121.60779206810567,25.051958051447045
臺北市,南港區,捷運南港軟體園區站-出口1,312137.18799999874,2772605.9490000005,121.61587903470401,25.060371875652763
臺北市,南港區,捷運南港軟體園區站-出口2,312185.21399999975,2772578.4470000006,121.61635378548849,25.060121618623313
臺北市,南港區,捷運南港展覽館站-出口5,312241.24300000013,2771995.528,121.61688275036201,25.054856844040316
臺北市,南港區,捷運南港展覽館站-出口1,312272.6469999989,2772116.8420000006,121.61719947117801,25.055950748223964
臺北市,南港區,捷運南港展覽館站-出口2,312290.6449999998,2772053.906,121.61737499915078,25.05538183393318
臺北市,南港區,捷運南港展覽館站-出口2A,312304.35899999976,2772042.109,121.61751038145059,25.055274768062375
臺北市,南港區,捷運南港展覽館站-出口6,312337.642,2771984.125,121.61783761611167,25.05474992892523
臺北市,南港區,捷運南港展覽館站-出口7,312370.43000000005,2771915.911,121.618159479014,25.054132755219214
臺北市,南港區,捷運南港展覽館站-出口3,312378.5709999993,2772029.529000001,121.61824530720367,25.055158138655997
臺北市,南港區,捷運南港展覽館站-出口4,312382.7929999998,2772053.2340000006,121.61828822397051,25.055371968173635
臺北市,文山區,捷運萬隆站-出口4,304360.1970000012,2766164.704,121.53854557577678,25.00252035416352
臺北市,文山區,捷運萬隆站-出口1,304397.0460000009,2766047.932,121.53890602663152,25.001464816882002
臺北市,文山區,捷運萬隆站-出口3,304416.9650000006,2766133.949,121.53910674409298,25.002240661540007
臺北市,文山區,捷運萬隆站-出口2,304450.6700000001,2766044.106,121.53943710478275,25.00142835035342
臺北市,文山區,捷運景美站-出口3,304570.6169999996,2765118.124,121.54058879039184,24.993064287394382
臺北市,文山區,捷運景美站-出口1,304586.85299999965,2765012.4860000005,121.54074544943921,24.99211000439673
臺北市,文山區,捷運景美站-出口2,304671.15100000065,2765119.942,121.54158473964534,24.993077078704523
臺北市,文山區,捷運南環段-考試院地站(規劃中),305744.9590000005,2764549.7540000007,121.55219873972807,24.987890338872102
臺北市,文山區,捷運辛亥站-出口,306207.947999999,2766457.217,121.55686244845046,25.005093747758565
臺北市,文山區,捷運萬芳醫院站-出口,306303.87900000025,2765814.783,121.5577866307579,24.999290324422606
臺北市,文山區,捷運南環段-安康公宅站(規劃中),306525.117,2764662.367,121.55993114954406,24.988878128840756
臺北市,文山區,捷運萬芳社區站-出口,307366.0559999999,2765748.992000001,121.56830618183754,24.998656542067582
臺北市,文山區,捷運南環段-文山行政中心站(規劃中),307613.0570000011,2764838.4840000006,121.57071507856305,24.99042716357581
臺北市,文山區,捷運木柵站-出口,307878.5329999997,2765696.743,121.57338073011668,24.998165361283483
臺北市,文山區,捷運南環段-政治大學站(規劃中),308152.3219999998,2764535.1299999994,121.57604406409368,24.987667918927986
臺北市,文山區,捷運貓纜動物園站-出口,308171.953700001,2765459.803,121.57627744596438,24.996015052793485
臺北市,文山區,捷運南環段-動物園站(規劃中),308463.0040000002,2765658.316,121.57916900489967,24.99779601727066
臺北市,文山區,捷運動物園站-出口2,308486.2269999996,2765678.531,121.57939991214643,24.997977620922644
臺北市,文山區,捷運動物園站-出口1,308535.6460000001,2765708.901,121.57989075365023,24.998249891426166
臺北市,文山區,捷運貓纜動物園內站-出口,309288.9960000012,2764825.141,121.58731568368177,24.990242105747075
臺北市,文山區,捷運貓纜貓空站-出口,309396.3319999996,2762436.63,121.58827632027295,24.968674596509285
臺北市,文山區,捷運貓纜指南宮站出口,309541.753,2763582.317,121.58976586001057,24.979012085971153
新北市,板橋區,捷運萬大線-溪洲站 (興建中),293068.67100000003,2764047.149,121.42661738291866,24.983765706265366
新北市,板橋區,捷運亞東醫院站-出口2,295660.8349999999,2765656.107,121.4523466483853,24.998215744565012
新北市,板橋區,捷運亞東醫院站-出口1,295679.5650000012,2765722.947,121.4525344057968,24.99881861859054
新北市,板橋區,捷運亞東醫院站-出口3,295714.78799999965,2765715.2560000005,121.45288308689565,24.998748121631007
新北市,板橋區,捷運府中站-出口3,296324.3369999995,2766868.337,121.4589602364235,25.009139732120197
新北市,板橋區,捷運府中站-出口1,296330.57300000085,2766785.701,121.45901924539152,25.008393496943622
新北市,板橋區,捷運府中站-出口2,296370.6990000001,2766848.57,121.45941889428966,25.00895985587244
新北市,板橋區,捷運板橋站-出口1,296609.4440000004,2767337.827,121.46180072425726,25.01336957908965
新北市,板橋區,捷運板橋站-出口2,296676.37700000004,2767318.9399999995,121.46246323263568,25.01319700502343
新北市,板橋區,捷運板橋站-出口3,296696.1740000009,2767467.623,121.46266440346237,25.01453871546713
新北市,板橋區,環狀線-板橋站,296892.035,2767538.394,121.46460734293443,25.01517159027783
新北市,板橋區,環狀線-新埔民生站,297101.3219999992,2768739.822,121.46672192021532,25.026011657152974
新北市,板橋區,捷運新埔站-出口1,297186.1249999987,2768412.448,121.46755100444844,25.023053467340905
新北市,板橋區,捷運新埔站-出口2,297244.937000001,2768331.084,121.46813095072827,25.022317075006697
新北市,板橋區,捷運新埔站-出口5,297248.7999999999,2768537.859,121.46817630805783,25.024183729868817
新北市,板橋區,捷運新埔站-出口3,297285.7769999988,2768406.896,121.46853820536842,25.023000234909407
新北市,板橋區,捷運新埔站-出口4,297308.060999999,2768465.916,121.4687610276898,25.023532374420736
新北市,板橋區,捷運江子翠站-出口1,297628.6070000011,2769211.764,121.47196288814149,25.030255872796864
新北市,板橋區,捷運江子翠站-出口2,297629.0480000008,2769162.7719999994,121.47196556604645,25.029813557255952
新北市,板橋區,捷運江子翠站-出口3,297660.82400000124,2769132.4640000006,121.47227938484582,25.029538935306874
新北市,板橋區,環狀線-板新站,297679.32800000027,2767469.744,121.47240528091905,25.0145272371853
新北市,板橋區,捷運江子翠站-出口4,297705.2259999991,2769155.815,121.47272016787169,25.029748350361825
新北市,板橋區,捷運江子翠站-出口6,297740.6630000008,2769309.499,121.47307663047403,25.03113469793133
新北市,板橋區,捷運江子翠站-出口5,297776.4759999995,2769285.935,121.4734306863882,25.030920831327148
新北市,汐止區,東湖支線-五分站(規劃中),312415.5879999991,2773421.387,121.61867526870832,25.067721998071864
新北市,汐止區,東湖支線-火炭坑口站(規劃中),312662.4850000002,2774061.0170000005,121.62115157069906,25.073486208936277
新北市,汐止區,東湖支線-內溝站(規劃中),312952.1760000001,2774628.8349999995,121.62404902548818,25.07860028582136
新北市,汐止區,民生汐止線-下社后站(規劃中),313002.9029999992,2773277.652,121.62448999671209,25.06640002043705
新北市,汐止區,民生汐止線-社后站(規劃中),313837.3479999989,2773262.7,121.63275999574789,25.066230019628716
新北市,汐止區,民生汐止線-樟樹灣站(規劃中),314590.15299999906,2772591.655,121.64019000017096,25.060140013050717
新北市,汐止區,民生汐止線-汐止科學園區站(規劃中),315241.24500000104,2772865.089,121.64665597957473,25.062580541764323
新北市,汐止區,民生汐止線-汐止區公所站(規劃中),316537.23200000066,2773156.432,121.65951491598713,25.065154206022456
新北市,新店區,安坑輕軌-雙城站(興建中),299448.0170000011,2759921.8970000003,121.48965899750283,24.946328003741716
新北市,新店區,安坑輕軌-玫瑰中國城站(興建中),299844.2160000007,2760387.658,121.4935990035796,24.95051999964962
新北市,新店區,安坑輕軌-台北小城站(興建中),300423.4849999995,2760739.934,121.49934806361848,24.95368126526377
新北市,新店區,安坑輕軌-耕莘安康院區站(興建中),300914.71100000106,2760824.09,121.50421566291672,24.95442464693784
新北市,新店區,安坑輕軌-景文科大站(興建中),301537.5090000007,2760948.523,121.51038776007454,24.95552703368413
新北市,新店區,安坑輕軌-安康站(興建中),302231.3989999989,2762027.345,121.5172999974321,24.965243001132485
新北市,新店區,安坑輕軌-新和國小站(興建中),302364.33600000024,2764046.562,121.51869300180716,24.98346799810995
新北市,新店區,安坑輕軌-陽光運動公園站(興建中),302456.9719999997,2762818.6320000007,121.51956399965711,24.97237900052841
新北市,新店區,安坑輕軌-十四張站(興建中),303229.5320000012,2764153.354,121.52726699662195,24.984402004855855
新北市,新店區,環狀線-十四張站,303267.4380000001,2764155.684,121.52764255305541,24.984421709466854
新北市,新店區,捷運小碧潭站-出口1,303512.9439999998,2762762.544,121.53002043432032,24.97183577077776
新北市,新店區,捷運小碧潭站-出口2,303524.75599999994,2762898.742,121.53014269219261,24.973064953601302
新北市,新店區,捷運南環段-遠東工業區站(規劃中),304199.0739999993,2764341.06,121.53687785832199,24.98606228216804
新北市,新店區,捷運新店站-出口,304297.21999999887,2761256.459,121.53772896160238,24.958210941592803
新北市,新店區,捷運大坪林站-出口1,304619.4460000004,2763980.2840000005,121.54102752344308,24.98279011769697
新北市,新店區,捷運新店市公所站-出口1,304636.0640000005,2762278.346,121.54112490044217,24.96742440874269
新北市,新店區,環狀線-大坪林站,304651.5149999995,2763992.4709999994,121.5413456502871,24.982898986915657
新北市,新店區,捷運大坪林站-出口4,304670.159999999,2764068.62,121.5415333411619,24.98358578809595
新北市,新店區,捷運大坪林站-出口3,304677.5320000001,2764021.208,121.54160448668742,24.98315748696257
新北市,新店區,捷運大坪林站-出口2,304684.050000001,2763916.179,121.54166489411632,24.982209050363643
新北市,新店區,捷運新店市公所站-出口2,304703.5800000006,2762333.331,121.54179574054744,24.967918382730314
新北市,新店區,捷運七張站-出口2,304788.96699999995,2763328.487,121.54268081358398,24.976899580989233
新北市,新店區,捷運七張站-出口1,304834.7980000002,2763109.447,121.54312606655132,24.97492043135202
新北市,永和區,捷運萬大線-永和站(興建中),301072.5380000011,2766764.773,121.50599801860628,25.0080521431033
新北市,永和區,捷運頂溪站-出口2,302015.59699999983,2767448.725,121.5153667916068,25.014194783042395
新北市,永和區,捷運頂溪站-出口1,302019.56100000034,2767283.048,121.51539982183161,25.012698915055854
新北市,中和區,捷運萬大線-莒光站 (興建中),297391.65099999984,2765313.094,121.46948105301543,24.99506587253574
新北市,中和區,捷運萬大線-中和高中站(興建中),298509.28900000016,2765307.806,121.4805523423087,24.994982784449174
新北市,中和區,環狀線-中原站,298899.38099999947,2766759.706,121.4844680409287,25.00807808854789
新北市,中和區,捷運萬大線-雙和醫院站(興建中),299485.3779999996,2765459.307,121.49022701842219,24.996318999263153
新北市,中和區,環狀線-橋和站,299502.6950000007,2766338.963,121.49043008819085,25.00426001238774
新北市,中和區,環狀線-中和站,300074.8129999994,2766129.148,121.49609036703032,25.002346998490435
新北市,中和區,捷運萬大線-中和站(興建中),300132.4969999993,2765896.165,121.49665336858608,25.00024171162325
新北市,中和區,捷運景安站-出口,300958.8220000003,2765189.887,121.5048133183182,24.993837854489666
新北市,中和區,環狀線-景安站,301050.436000001,2765140.648,121.50571902704883,24.99339024110598
新北市,中和區,捷運南勢角站-出口1,301259.33800000104,2764841.908,121.50777732036927,24.990686157626158
新北市,中和區,捷運南勢角站-出口2,301342.09099999984,2764797.2900000005,121.5085953923851,24.990280545134624
新北市,中和區,捷運南勢角站-出口3,301373.64200000075,2764782.356,121.50890737215428,24.990144651890816
新北市,中和區,捷運南勢角站-出口4,301479.3099999998,2764729.88,121.5099521322947,24.98966731325768
新北市,中和區,捷運永安市場站-出口,301580.8519999991,2766129.01,121.51101020477788,25.002295246185238
新北市,中和區,環狀線-景平站,302129.4729999994,2765005.3149999995,121.51640280694555,24.992131737479145
新北市,中和區,環狀線-秀朗橋站,303002.3959999989,2764808.317,121.52504228115464,24.990322975766933
新北市,土城區,捷運三鶯線-媽祖田站(興建中),291615.5830000008,2760685.6469999994,121.41212299617308,24.953458001889
新北市,土城區,捷運頂埔站-出口1,292241.2470000007,2761338.865,121.4183388042076,24.959338110425225
新北市,土城區,捷運頂埔站-出口2,292261.95299999963,2761299.334,121.41854265626571,24.95898064092873
新北市,土城區,捷運頂埔站-出口4,292369.0169999993,2761421.388,121.41960668127346,24.960079584139272
新北市,土城區,捷運頂埔站-出口3,292378.7090000008,2761367.553,121.41970101708988,24.95959328118107
新北市,土城區,捷運永寧站-出口1,293977.64599999884,2762156.489,121.4355609337894,24.966670462272702
新北市,土城區,捷運永寧站-出口2,294001.93899999955,2762078.73,121.43579905720549,24.965967737535646
新北市,土城區,捷運永寧站-出口4,294103.6249999992,2762248.205,121.43681154249094,24.967494834142236
新北市,土城區,捷運永寧站-出口3,294132.2029999991,2762217.218,121.4370935902483,24.967214248037546
新北市,土城區,捷運萬大線-城林橋站 (興建中),294229.0889999992,2762985.512,121.43807770614141,24.974147704210115
新北市,土城區,捷運萬大線-埤塘站 (興建中),294421.35300000047,2762432.426,121.43996422833486,24.969148745292955
新北市,土城區,捷運土城站-出口2,294799.39,2762833.633,121.44372133894295,24.972759790331708
新北市,土城區,捷運土城站-出口1,294846.3210000007,2762891.69,121.44418804418925,24.97328255114687
新北市,土城區,捷運萬大線-土城站 (興建中),294887.9300000004,2762902.0050000004,121.4446004925661,24.973374446293732
新北市,土城區,捷運土城站-出口3,294954.7800000003,2762932.9820000003,121.44526361121312,24.973652132251125
新北市,土城區,捷運海山站-出口1,295291.5159999999,2764235.386,121.44864145571188,24.985400391972007
新北市,土城區,捷運海山站-出口2,295326.7310000005,2764231.4630000005,121.4489901457589,24.98536392271051
新北市,土城區,捷運海山站-出口3,295348.6610000001,2764324.888,121.44921043581788,24.986206719432577
新北市,土城區,捷運萬大線-清水站 (興建中),296076.68,2763964.291,121.45640977979743,24.982929266928835
新北市,土城區,捷運萬大線-廷寮站 (興建中),297033.15300000046,2764391.783,121.46589836456684,24.986759354089862
新北市,三峽區,捷運三鶯線-臺北大學站(興建中),287071.7179999993,2759068.5849999995,121.36708217804872,24.938976435797994
新北市,三峽區,捷運三鶯線-三峽站(興建中),288023.6659999992,2759062.819,121.37650799985539,24.93890086305432
新北市,三峽區,捷運三鶯線-龍埔站(興建中),288840.6219999992,2759171.036,121.38460033866491,24.939857216987132
新北市,三峽區,捷運三鶯線-橫溪站(興建中),289520.52800000104,2758914.4400000004,121.39132533683255,24.93752307861384
新北市,三峽區,捷運三鶯線-挖子站(興建中),290657.03299999965,2759655.5720000006,121.40260033845205,24.944184216345334
新北市,樹林區,捷運萬大線-三角埔站 (興建中),291478.105000001,2767479.396,121.41096538875848,25.014796874770596
新北市,樹林區,捷運萬大線-備內站 (興建中),291982.1280000013,2764416.079,121.41586604471198,24.987126926683448
新北市,樹林區,捷運萬大線-監理所站 (興建中),292031.98300000024,2766753.4780000006,121.41643100088194,25.00822792533715
新北市,樹林區,捷運萬大線-彭福站 (興建中),292322.3919999996,2763897.3800000004,121.41922067774001,24.98243457304127
新北市,樹林區,捷運萬大線-樹林站 (興建中),292369.2750000012,2765255.894,121.4197267062547,24.994698136918355
新北市,樹林區,捷運萬大線-潭底站 (興建中),292840.3170000006,2766057.955,121.42441780534992,25.001926015986182
新北市,鶯歌區,捷運三鶯線-鶯桃福德站(興建中),283304.5889999992,2762135.856,121.32985454751378,24.96675585763098
新北市,鶯歌區,捷運三鶯線-永吉公園站(興建中),283772.7110000008,2761473.224,121.33447467961842,24.96076309331005
新北市,鶯歌區,捷運三鶯線-國華站(興建中),284579.63099999895,2760794.6810000003,121.34244911161296,24.95461886117455
新北市,鶯歌區,捷運三鶯線-陶瓷老街站(興建中),285299.6460000008,2760568.423,121.34957369538424,24.952559580058736
新北市,鶯歌區,捷運三鶯線-鶯歌車站(興建中),285999.6320000006,2760643.161,121.35650752061956,24.953217906790712
新北市,三重區,捷運先嗇宮站-出口2,297552.04399999965,2770964.607,121.47126469121133,25.04608299844721
新北市,三重區,捷運先嗇宮站-出口1,297568.05899999954,2771015.599,121.47142516398259,25.046542851668207
新北市,三重區,捷運先嗇宮站-出口3,297599.9079999995,2770981.802,121.47173962884412,25.046236729780027
新北市,三重區,機場捷運三重站-出口,298694.46299999894,2771945.4829999995,121.48262099574121,25.05490200106855
新北市,三重區,捷運三重站-出口1,298750.5640000008,2771984.83,121.4831784015969,25.055255417742462
新北市,三重區,捷運三重站-出口2,298885.2819999992,2772014.648,121.484514644384,25.055520264705734
新北市,三重區,捷運三重站-出口3,298927.2710000011,2772078.606,121.48493306857985,25.056096318716136
新北市,三重區,捷運北環段-分子尾站(規劃中),299019.5769999994,2775746.0130000003,121.48597856561015,25.089202562974055
新北市,三重區,輕軌分子尾(規劃中),299019.7229999992,2775745.731,121.48598000295343,25.089200012351984
新北市,三重區,捷運三和國中站-出口1,299057.9280000002,2774352.8459999994,121.48630906819693,25.076623867861304
新北市,三重區,捷運三和國中站-出口2,299087.20799999905,2774396.814,121.48660088013578,25.077019858085315
新北市,三重區,捷運菜寮站-出口1,299510.49900000065,2772477.3290000004,121.49072778765931,25.059676995678217
新北市,三重區,捷運菜寮站-出口2,299543.4060000001,2772432.773,121.49105233579152,25.059273666993295
新北市,三重區,捷運菜寮站-出口3,299640.5659999992,2772565.689,121.49202010654571,25.06047044204668
新北市,三重區,捷運北環段-重陽橋站(規劃中),299832.0020000004,2775531.3700000006,121.49402490759513,25.087238180741277
新北市,三重區,捷運三重國小站-出口,300116.9380000008,2773695.549,121.49678273778203,25.070655056748343
新北市,三重區,捷運臺北橋站-出口1,300472.4629999989,2772837.694,121.50027530701949,25.062898545246476
新北市,新莊區,捷運迴龍站-出口2,291473.70499999885,2768169.193,121.41094252463826,25.02102457065867
新北市,新莊區,捷運迴龍站-出口1,291510.2689999988,2768264.169,121.41130766929089,25.02188102382719
新北市,新莊區,捷運萬大線-迴龍站 (興建中),291578.8410000009,2768272.0090000005,121.41198734260172,25.021949922999905
新北市,新莊區,捷運迴龍站-出口3,291626.29700000025,2768330.139,121.41245930843938,25.022473423862273
新北市,新莊區,捷運棕線-迴龍站(規劃中),291626.577,2768329.6320000007,121.41246206750068,25.02246883890795
新北市,新莊區,捷運丹鳳站-出口1,292624.87399999925,2769058.201,121.42237611937242,25.029018663836187
新北市,新莊區,捷運丹鳳站-出口2,292650.16799999913,2769019.785,121.42262556799776,25.02867112787133
新北市,新莊區,捷運輔大站-出口1,293897.97900000075,2769485.535,121.43500482323222,25.032840287693958
新北市,新莊區,捷運輔大站-出口2,293923.2599999996,2769426.6249999995,121.43525346189526,25.032307709954452
新北市,新莊區,捷運輔大站-出口4,294057.0179999997,2769526.769,121.43658209363973,25.033207930403908
新北市,新莊區,捷運輔大站-出口3,294059.28699999896,2769467.4410000006,121.43660268209109,25.032672246457807
新北市,新莊區,機場捷運泰山站-出口1,294365.28999999986,2771706.425,121.43970700357923,25.052876997975478
新北市,新莊區,機場捷運泰山站-出口3,294375.1230000012,2771692.168,121.43980399746384,25.0527479965213
新北市,新莊區,機場捷運泰山站-出口2,294399.97199999983,2771714.8459999994,121.4400510023644,25.052952005248365
新北市,新莊區,機場捷運新莊副都心站-出口1,295017.13000000024,2772443.609,121.44619137121786,25.05951305920519
新北市,新莊區,機場捷運新莊副都心站-出口2,295064.3570000004,2772384.366,121.44665751586027,25.058976804190934
新北市,新莊區,捷運新莊站-出口1,295658.2350000001,2769875.838,121.45246049559069,25.036311887929433
新北市,新莊區,捷運新莊站-出口2,295666.46499999915,2769843.025,121.45254096374182,25.036015401995435
新北市,新莊區,機場捷運新北產業園區站-出口1,296358.6149999991,2772669.903,121.4594949080861,25.061515501719768
新北市,新莊區,機場捷運新北產業園區站-出口2,296364.02300000115,2772671.075,121.45954854892514,25.061525916684534
新北市,新莊區,環狀線-新北產業園區站,296393.3879999994,2772596.436,121.45983708503549,25.06085117357484
新北市,新莊區,環狀線-幸福站,296412.8109999992,2771399.1030000006,121.45998924579995,25.050041027380164
新北市,新莊區,環狀線-頭前庄站,296457.4609999991,2770250.588,121.46039303355157,25.03967082232947
新北市,新莊區,捷運頭前庄站-出口1,296498.8400000007,2770239.617,121.46080271853482,25.03957050460222
新北市,新莊區,捷運頭前庄站-出口2,296511.2130000008,2770182.863,121.46092341666092,25.039057746840676
新北市,新莊區,捷運頭前庄站-出口3,296625.1730000013,2770259.4279999994,121.46205531445082,25.039745471396596
新北市,新莊區,捷運頭前庄站-出口4,296652.0220000012,2770323.087,121.46232353565574,25.04031935972067
新北市,泰山區,機場捷運泰山貴和站-出口,292628.5320000005,2769551.5189999994,121.42242761546262,25.033472284224004
新北市,泰山區,輕軌塭仔圳(規劃中),293559.7640000002,2770600.4980000006,121.4316886045871,25.04291603387564
新北市,泰山區,輕軌義學(規劃中),293580.8390000009,2771555.308,121.43192765844536,25.051535516201834
新北市,泰山區,輕軌楓樹腳(規劃中),293901.6109999992,2772773.823,121.43514558727367,25.06252705459325
新北市,泰山區,輕軌坡雅頭(規劃中),294070.34600000083,2771997.7379999994,121.43679318442334,25.055515611977825
新北市,林口區,機場捷運林口站-出口2,286461.2109999995,2773147.317,121.36140872817393,25.06609680250984
新北市,林口區,機場捷運林口站-出口1,286468.82100000075,2773134.958,121.36148383095191,25.065985040325785
新北市,蘆洲區,捷運蘆洲站-出口3,296826.22799999965,2776033.101,121.4642441276119,25.091864012299364
新北市,蘆洲區,輕軌蘆洲(規劃中),296878.4700000012,2775973.024,121.46476000246548,25.091320017236207
新北市,蘆洲區,捷運蘆洲站-出口1,296878.85600000096,2775973.327,121.46476383955971,25.09132274072474
新北市,蘆洲區,捷運蘆洲站-出口2,296891.4359999995,2776012.922,121.4648899069647,25.09167981258403
新北市,蘆洲區,捷運北環段-中路站(規劃中),297315.81099999935,2774368.596,121.46904054644759,25.076821633620522
新北市,蘆洲區,輕軌和尚港(規劃中),297365.1200000005,2776361.7580000004,121.46959799016065,25.094814302696797
新北市,蘆洲區,捷運三民高中站-出口1,297675.4220000002,2775348.717,121.47263924133209,25.08565883454782
新北市,蘆洲區,捷運三民高中站-出口2,297773.6299999995,2775350.675,121.4736128865599,25.085673407186583
新北市,蘆洲區,輕軌水湳(規劃中),297794.54100000113,2776259.266,121.47385177441905,25.093875471789577
新北市,蘆洲區,捷運徐匯中學站-出口1,298403.74100000097,2774761.779,121.47983871175002,25.08033680710864
新北市,蘆洲區,捷運北環段-徐匯中學站(規劃中),298405.9710000008,2774809.033,121.47986248074,25.080763343177974
新北市,蘆洲區,捷運徐匯中學站-出口2,298474.8889999998,2774774.748,121.48054445764265,25.080451608849067
新北市,蘆洲區,輕軌樓厝(規劃中),298825.7799999993,2775966.76,121.48406516272203,25.091201735982462
新北市,五股區,輕軌水碓(規劃中),294050.66300000064,2774056.8519999995,121.43666399742486,25.07410595044177
新北市,五股區,輕軌五股(規劃中),294416.3310000005,2774933.45,121.44031699952812,25.08200918792476
新北市,五股區,輕軌洲子洋(規劃中),294972.009000001,2775775.861,121.44585308085196,25.089598031962502
新北市,五股區,輕軌西雲寺(規劃中),295275.56399999914,2776266.0879999995,121.44887860327593,25.094014724374407
新北市,五股區,捷運北環段-工業展覽中心站(規劃中),295561.44400000025,2773414.7440000004,121.45161839808353,25.068264181417337
新北市,五股區,輕軌成子寮(規劃中),295704.7259999992,2777606.773,121.45317796586743,25.10610546370609
新北市,五股區,捷運北環段-更寮站(規劃中),296700.76800000056,2773868.557,121.4629268246286,25.072326424164487
新北市,淡水區,淡海輕軌-沙崙站(興建中),292061.9520000011,2786616.0540000005,121.41733590167776,25.187546896046346
新北市,淡水區,淡海輕軌-淡水漁人碼頭站(興建中),292195.371000001,2786005.103,121.41864080051388,25.18202754208385
新北市,淡水區,淡海輕軌-油車口站(規劃中),292743.7889999991,2785532.682,121.42406704554094,25.177747072301095
新北市,淡水區,淡海輕軌-台北海洋大學站(興建中),292976.2690000009,2787018.077,121.42642013287212,25.191150453708836
新北市,淡水區,淡海輕軌-滬尾砲台站(規劃中),293162.28499999933,2785303.576,121.42821168434159,25.17566676804974
新北市,淡水區,淡海輕軌-紅毛城站(規劃中),293443.6420000005,2785262.309,121.43100164606584,25.17528611113287
新北市,淡水區,淡海輕軌-濱海沙崙站,293501.53099999914,2786944.294999999,121.43162943609848,25.190469243899326
新北市,淡水區,淡海輕軌-淡海新市鎮站,293581.914,2787515.439,121.43244519839038,25.19562313975626
新北市,淡水區,淡海輕軌-崁頂站,293797.7370000011,2788100.5449999995,121.434605421016,25.200899130742144
新北市,淡水區,淡海輕軌-濱海義山站,294076.1329999996,2786865.909,121.43732807572687,25.189744840679584
新北市,淡水區,淡海輕軌-重建街站(規劃中),294339.2849999994,2784693.61,121.43986863543016,25.170125809129527
新北市,淡水區,淡海輕軌-淡水老街站(規劃中),294406.2299999998,2784942.459,121.44054082228782,25.172370419686256
新北市,淡水區,淡海輕軌-淡水行政中心站,294787.3239999988,2786782.4140000003,121.44438168727851,25.188970031020506
新北市,淡水區,淡海輕軌-淡水站(規劃中),294803.40000000066,2784582.0760000004,121.44446913680018,25.169105138126795
新北市,淡水區,捷運淡水站-出口1,294893.9410000002,2784493.045,121.44536440158625,25.168298675338974
新北市,淡水區,捷運淡水站-出口2,294937.7789999999,2784430.085,121.4457972135806,25.167728969559708
新北市,淡水區,淡海輕軌-新市一路站,295186.7880000011,2786201.5049999994,121.44832589715999,25.18371369762717
新北市,淡水區,淡海輕軌-淡金北新站,295600.37000000075,2785908.2669999995,121.4524194226528,25.181053891578877
新北市,淡水區,淡海輕軌-淡江大學站,295963.85499999905,2785467.5680000004,121.45601080695705,25.177064245990415
新北市,淡水區,淡海輕軌-竿蓁林站,295992.31099999906,2783853.547,121.45623888474903,25.162492174080292
新北市,淡水區,捷運紅樹林站-出口2,296245.9869999994,2782838.423,121.45872098707947,25.153319960788462
新北市,淡水區,淡海輕軌-紅樹林站,296264.67000000057,2783075.455,121.45891430647524,25.15545928883577
新北市,淡水區,捷運紅樹林站-出口1,296274.1509999996,2782966.447,121.4590046671453,25.15447488370891
新北市,淡水區,捷運竹圍站-出口2,296327.9800000008,2780968.998,121.45947108276098,25.136440429780524
新北市,淡水區,捷運竹圍站-出口1,296353.19500000094,2781029.87,121.45972321106181,25.136989201946935
新北市,淡水區,淡海輕軌-淡金鄧公站,296449.27400000056,2784620.356,121.46079780887378,25.169400802386818